  [
    {
      "id": 1,
      "cod": "AF",
      "name": "Afghanistan"
    },
    {
      "id": 2,
      "cod": "AL",
      "name": "Albania"
    },
    {
      "id": 3,
      "cod": "DZ",
      "name": "Algeria"
    },
    {
      "id": 4,
      "cod": "AD",
      "name": "Andorra"
    },
    {
      "id": 5,
      "cod": "AO",
      "name": "Angola"
    },
    {
      "id": 6,
      "cod": "AI",
      "name": "Anguilla"
    },
    {
      "id": 7,
      "cod": "AG",
      "name": "Antigua and Barbuda"
    },
    {
      "id": 8,
      "cod": "AR",
      "name": "Argentina"
    },
    {
      "id": 9,
      "cod": "AM",
      "name": "Armenia"
    },
    {
      "id": 10,
      "cod": "AW",
      "name": "Aruba"
    },
    {
      "id": 11,
      "cod": "AU",
      "name": "Australia"
    },
    {
      "id": 12,
      "cod": "AT",
      "name": "Austria"
    },
    {
      "id": 13,
      "cod": "AZ",
      "name": "Azerbaijan"
    },
    {
      "id": 14,
      "cod": "BS",
      "name": "Bahamas"
    },
    {
      "id": 15,
      "cod": "BH",
      "name": "Bahrain"
    },
    {
      "id": 16,
      "cod": "BD",
      "name": "Bangladesh"
    },
    {
      "id": 17,
      "cod": "BB",
      "name": "Barbados"
    },
    {
      "id": 18,
      "cod": "BY",
      "name": "Belarus"
    },
    {
      "id": 19,
      "cod": "BE",
      "name": "Belgium"
    },
    {
      "id": 20,
      "cod": "BZ",
      "name": "Belize"
    },
    {
      "id": 21,
      "cod": "BJ",
      "name": "Benin"
    },
    {
      "id": 22,
      "cod": "BM",
      "name": "Bermuda"
    },
    {
      "id": 23,
      "cod": "BT",
      "name": "Bhutan"
    },
    {
      "id": 24,
      "cod": "BO",
      "name": "Bolivia"
    },
    {
      "id": 25,
      "cod": "BQ",
      "name": "Bonaire, Sint Eustatius and Saba"
    },
    {
      "id": 26,
      "cod": "BA",
      "name": "Bosnia and Herzegovina"
    },
    {
      "id": 27,
      "cod": "BW",
      "name": "Botswana"
    },
    {
      "id": 28,
      "cod": "BR",
      "name": "Brazil"
    },
    {
      "id": 29,
      "cod": "IO",
      "name": "British Indian Ocean Territory"
    },
    {
      "id": 30,
      "cod": "VG",
      "name": "British Virgin Islands"
    },
    {
      "id": 31,
      "cod": "BN",
      "name": "Brunei"
    },
    {
      "id": 32,
      "cod": "BG",
      "name": "Bulgaria"
    },
    {
      "id": 33,
      "cod": "BF",
      "name": "Burkina Faso"
    },
    {
      "id": 34,
      "cod": "BI",
      "name": "Burundi"
    },
    {
      "id": 35,
      "cod": "KH",
      "name": "Cambodia"
    },
    {
      "id": 36,
      "cod": "CM",
      "name": "Cameroon"
    },
    {
      "id": 37,
      "cod": "CA",
      "name": "Canada"
    },
    {
      "id": 38,
      "cod": "CV",
      "name": "Cape Verde"
    },
    {
      "id": 39,
      "cod": "KY",
      "name": "Cayman Islands"
    },
    {
      "id": 40,
      "cod": "CF",
      "name": "Central African Republic"
    },
    {
      "id": 41,
      "cod": "TD",
      "name": "Chad"
    },
    {
      "id": 42,
      "cod": "CL",
      "name": "Chile"
    },
    {
      "id": 43,
      "cod": "CN",
      "name": "China"
    },
    {
      "id": 44,
      "cod": "CX",
      "name": "Christmas Island"
    },
    {
      "id": 45,
      "cod": "CC",
      "name": "Cocos Islands"
    },
    {
      "id": 46,
      "cod": "CO",
      "name": "Colombia"
    },
    {
      "id": 47,
      "cod": "KM",
      "name": "Comoros"
    },
    {
      "id": 48,
      "cod": "CK",
      "name": "Cook Islands"
    },
    {
      "id": 49,
      "cod": "CR",
      "name": "Costa Rica"
    },
    {
      "id": 50,
      "cod": "HR",
      "name": "Croatia"
    },
    {
      "id": 51,
      "cod": "CU",
      "name": "Cuba"
    },
    {
      "id": 52,
      "cod": "CW",
      "name": "Curaçao"
    },
    {
      "id": 53,
      "cod": "CY",
      "name": "Cyprus"
    },
    {
      "id": 54,
      "cod": "CZ",
      "name": "Czechia"
    },
    {
      "id": 55,
      "cod": "CD",
      "name": "Democratic Republic of the Congo"
    },
    {
      "id": 56,
      "cod": "DK",
      "name": "Denmark"
    },
    {
      "id": 57,
      "cod": "DJ",
      "name": "Djibouti"
    },
    {
      "id": 58,
      "cod": "DM",
      "name": "Dominica"
    },
    {
      "id": 59,
      "cod": "DO",
      "name": "Dominican Republic"
    },
    {
      "id": 60,
      "cod": "TL",
      "name": "East Timor"
    },
    {
      "id": 61,
      "cod": "EC",
      "name": "Ecuador"
    },
    {
      "id": 62,
      "cod": "EG",
      "name": "Egypt"
    },
    {
      "id": 63,
      "cod": "SV",
      "name": "El Salvador"
    },
    {
      "id": 64,
      "cod": "GQ",
      "name": "Equatorial Guinea"
    },
    {
      "id": 65,
      "cod": "ER",
      "name": "Eritrea"
    },
    {
      "id": 66,
      "cod": "EE",
      "name": "Estonia"
    },
    {
      "id": 67,
      "cod": "ET",
      "name": "Ethiopia"
    },
    {
      "id": 68,
      "cod": "FK",
      "name": "Falkland Islands"
    },
    {
      "id": 69,
      "cod": "FO",
      "name": "Faroe Islands"
    },
    {
      "id": 70,
      "cod": "FJ",
      "name": "Fiji"
    },
    {
      "id": 71,
      "cod": "FI",
      "name": "Finland"
    },
    {
      "id": 72,
      "cod": "FR",
      "name": "France"
    },
    {
      "id": 73,
      "cod": "GF",
      "name": "French Guiana"
    },
    {
      "id": 74,
      "cod": "PF",
      "name": "French Polynesia"
    },
    {
      "id": 75,
      "cod": "TF",
      "name": "French Southern Territories"
    },
    {
      "id": 76,
      "cod": "GA",
      "name": "Gabon"
    },
    {
      "id": 77,
      "cod": "GM",
      "name": "Gambia"
    },
    {
      "id": 78,
      "cod": "GE",
      "name": "Georgia"
    },
    {
      "id": 79,
      "cod": "DE",
      "name": "Germany"
    },
    {
      "id": 80,
      "cod": "GH",
      "name": "Ghana"
    },
    {
      "id": 81,
      "cod": "GI",
      "name": "Gibraltar"
    },
    {
      "id": 82,
      "cod": "GR",
      "name": "Greece"
    },
    {
      "id": 83,
      "cod": "GL",
      "name": "Greenland"
    },
    {
      "id": 84,
      "cod": "GD",
      "name": "Grenada"
    },
    {
      "id": 85,
      "cod": "GP",
      "name": "Guadeloupe"
    },
    {
      "id": 86,
      "cod": "GU",
      "name": "Guam"
    },
    {
      "id": 87,
      "cod": "GT",
      "name": "Guatemala"
    },
    {
      "id": 88,
      "cod": "GG",
      "name": "Guernsey"
    },
    {
      "id": 89,
      "cod": "GN",
      "name": "Guinea"
    },
    {
      "id": 90,
      "cod": "GW",
      "name": "Guinea-Bissau"
    },
    {
      "id": 91,
      "cod": "GY",
      "name": "Guyana"
    },
    {
      "id": 92,
      "cod": "HT",
      "name": "Haiti"
    },
    {
      "id": 93,
      "cod": "HN",
      "name": "Honduras"
    },
    {
      "id": 94,
      "cod": "HK",
      "name": "Hong Kong"
    },
    {
      "id": 95,
      "cod": "HU",
      "name": "Hungary"
    },
    {
      "id": 96,
      "cod": "IS",
      "name": "Iceland"
    },
    {
      "id": 97,
      "cod": "IN",
      "name": "India"
    },
    {
      "id": 98,
      "cod": "ID",
      "name": "Indonesia"
    },
    {
      "id": 99,
      "cod": "IR",
      "name": "Iran"
    },
    {
      "id": 100,
      "cod": "IQ",
      "name": "Iraq"
    },
    {
      "id": 101,
      "cod": "IE",
      "name": "Ireland"
    },
    {
      "id": 102,
      "cod": "IM",
      "name": "Isle of Man"
    },
    {
      "id": 103,
      "cod": "IL",
      "name": "Israel"
    },
    {
      "id": 104,
      "cod": "IT",
      "name": "Italy"
    },
    {
      "id": 105,
      "cod": "JM",
      "name": "Jamaica"
    },
    {
      "id": 106,
      "cod": "JP",
      "name": "Japan"
    },
    {
      "id": 107,
      "cod": "JE",
      "name": "Jersey"
    },
    {
      "id": 108,
      "cod": "JO",
      "name": "Jordan"
    },
    {
      "id": 109,
      "cod": "KZ",
      "name": "Kazakhstan"
    },
    {
      "id": 110,
      "cod": "KE",
      "name": "Kenya"
    },
    {
      "id": 111,
      "cod": "KI",
      "name": "Kiribati"
    },
    {
      "id": 112,
      "cod": "XK",
      "name": "Kosovo"
    },
    {
      "id": 113,
      "cod": "KW",
      "name": "Kuwait"
    },
    {
      "id": 114,
      "cod": "KG",
      "name": "Kyrgyzstan"
    },
    {
      "id": 115,
      "cod": "LA",
      "name": "Laos"
    },
    {
      "id": 116,
      "cod": "LV",
      "name": "Latvia"
    },
    {
      "id": 117,
      "cod": "LB",
      "name": "Lebanon"
    },
    {
      "id": 118,
      "cod": "LS",
      "name": "Lesotho"
    },
    {
      "id": 119,
      "cod": "LR",
      "name": "Liberia"
    },
    {
      "id": 120,
      "cod": "LY",
      "name": "Libya"
    },
    {
      "id": 121,
      "cod": "LI",
      "name": "Liechtenstein"
    },
    {
      "id": 122,
      "cod": "LT",
      "name": "Lithuania"
    },
    {
      "id": 123,
      "cod": "LU",
      "name": "Luxembourg"
    },
    {
      "id": 124,
      "cod": "MO",
      "name": "Macau"
    },
    {
      "id": 125,
      "cod": "MK",
      "name": "North Macedonia"
    },
    {
      "id": 126,
      "cod": "MG",
      "name": "Madagascar"
    },
    {
      "id": 127,
      "cod": "MW",
      "name": "Malawi"
    },
    {
      "id": 128,
      "cod": "MY",
      "name": "Malaysia"
    },
    {
      "id": 129,
      "cod": "MV",
      "name": "Maldives"
    },
    {
      "id": 130,
      "cod": "ML",
      "name": "Mali"
    },
    {
      "id": 131,
      "cod": "MT",
      "name": "Malta"
    },
    {
      "id": 132,
      "cod": "MH",
      "name": "Marshall Islands"
    },
    {
      "id": 133,
      "cod": "MQ",
      "name": "Martinique"
    },
    {
      "id": 134,
      "cod": "MR",
      "name": "Mauritania"
    },
    {
      "id": 135,
      "cod": "MU",
      "name": "Mauritius"
    },
    {
      "id": 136,
      "cod": "YT",
      "name": "Mayotte"
    },
    {
      "id": 137,
      "cod": "MX",
      "name": "Mexico"
    },
    {
      "id": 138,
      "cod": "FM",
      "name": "Micronesia"
    },
    {
      "id": 139,
      "cod": "MD",
      "name": "Moldova"
    },
    {
      "id": 140,
      "cod": "MC",
      "name": "Monaco"
    },
    {
      "id": 141,
      "cod": "MN",
      "name": "Mongolia"
    },
    {
      "id": 142,
      "cod": "ME",
      "name": "Montenegro"
    },
    {
      "id": 143,
      "cod": "MS",
      "name": "Montserrat"
    },
    {
      "id": 144,
      "cod": "MA",
      "name": "Morocco"
    },
    {
      "id": 145,
      "cod": "MZ",
      "name": "Mozambique"
    },
    {
      "id": 146,
      "cod": "MM",
      "name": "Myanmar"
    },
    {
      "id": 147,
      "cod": "NA",
      "name": "Namibia"
    },
    {
      "id": 148,
      "cod": "NR",
      "name": "Nauru"
    },
    {
      "id": 149,
      "cod": "NP",
      "name": "Nepal"
    },
    {
      "id": 150,
      "cod": "NL",
      "name": "Netherlands"
    },
    {
      "id": 151,
      "cod": "NC",
      "name": "New Caledonia"
    },
    {
      "id": 152,
      "cod": "NZ",
      "name": "New Zealand"
    },
    {
      "id": 153,
      "cod": "NI",
      "name": "Nicaragua"
    },
    {
      "id": 154,
      "cod": "NE",
      "name": "Niger"
    },
    {
      "id": 155,
      "cod": "NG",
      "name": "Nigeria"
    },
    {
      "id": 156,
      "cod": "NU",
      "name": "Niue"
    },
    {
      "id": 157,
      "cod": "NF",
      "name": "Norfolk Island"
    },
    {
      "id": 158,
      "cod": "KP",
      "name": "North Korea"
    },
    {
      "id": 159,
      "cod": "NO",
      "name": "Norway"
    },
    {
      "id": 160,
      "cod": "OM",
      "name": "Oman"
    },
    {
      "id": 161,
      "cod": "PK",
      "name": "Pakistan"
    },
    {
      "id": 162,
      "cod": "PW",
      "name": "Palau"
    },
    {
      "id": 163,
      "cod": "PS",
      "name": "Palestinian Territory"
    },
    {
      "id": 164,
      "cod": "PA",
      "name": "Panama"
    },
    {
      "id": 165,
      "cod": "PG",
      "name": "Papua New Guinea"
    },
    {
      "id": 166,
      "cod": "PY",
      "name": "Paraguay"
    },
    {
      "id": 167,
      "cod": "PE",
      "name": "Peru"
    },
    {
      "id": 168,
      "cod": "PH",
      "name": "Philippines"
    },
    {
      "id": 169,
      "cod": "PN",
      "name": "Pitcairn Islands"
    },
    {
      "id": 170,
      "cod": "PL",
      "name": "Poland"
    },
    {
      "id": 171,
      "cod": "PT",
      "name": "Portugal"
    },
    {
      "id": 172,
      "cod": "PR",
      "name": "Puerto Rico"
    },
    {
      "id": 173,
      "cod": "QA",
      "name": "Qatar"
    },
    {
      "id": 174,
      "cod": "CG",
      "name": "Republic of the Congo"
    },
    {
      "id": 175,
      "cod": "RE",
      "name": "Réunion"
    },
    {
      "id": 176,
      "cod": "RO",
      "name": "Romania"
    },
    {
      "id": 177,
      "cod": "RU",
      "name": "Russia"
    },
    {
      "id": 178,
      "cod": "RW",
      "name": "Rwanda"
    },
    {
      "id": 179,
      "cod": "BL",
      "name": "Saint Barthélemy"
    },
    {
      "id": 180,
      "cod": "SH",
      "name": "Saint Helena, Ascension and Tristan da Cunha"
    },
    {
      "id": 181,
      "cod": "KN",
      "name": "Saint Kitts and Nevis"
    },
    {
      "id": 182,
      "cod": "LC",
      "name": "Saint Lucia"
    },
    {
      "id": 183,
      "cod": "MF",
      "name": "Saint Martin"
    },
    {
      "id": 184,
      "cod": "PM",
      "name": "Saint Pierre and Miquelon"
    },
    {
      "id": 185,
      "cod": "VC",
      "name": "Saint Vincent and the Grenadines"
    },
    {
      "id": 186,
      "cod": "WS",
      "name": "Samoa"
    },
    {
      "id": 187,
      "cod": "SM",
      "name": "San Marino"
    },
    {
      "id": 188,
      "cod": "ST",
      "name": "São Tomé and Príncipe"
    },
    {
      "id": 189,
      "cod": "SA",
      "name": "Saudi Arabia"
    },
    {
      "id": 190,
      "cod": "SN",
      "name": "Senegal"
    },
    {
      "id": 191,
      "cod": "RS",
      "name": "Serbia"
    },
    {
      "id": 192,
      "cod": "SC",
      "name": "Seychelles"
    },
    {
      "id": 193,
      "cod": "SL",
      "name": "Sierra Leone"
    },
    {
      "id": 194,
      "cod": "SG",
      "name": "Singapore"
    },
    {
      "id": 195,
      "cod": "SX",
      "name": "Sint Maarten"
    },
    {
      "id": 196,
      "cod": "SK",
      "name": "Slovakia"
    },
    {
      "id": 197,
      "cod": "SI",
      "name": "Slovenia"
    },
    {
      "id": 198,
      "cod": "SB",
      "name": "Solomon Islands"
    },
    {
      "id": 199,
      "cod": "SO",
      "name": "Somalia"
    },
    {
      "id": 200,
      "cod": "ZA",
      "name": "South Africa"
    },
    {
      "id": 201,
      "cod": "GS",
      "name": "South Georgia and the South Sandwich Islands"
    },
    {
      "id": 202,
      "cod": "KR",
      "name": "South Korea"
    },
    {
      "id": 203,
      "cod": "SS",
      "name": "South Sudan"
    },
    {
      "id": 204,
      "cod": "ES",
      "name": "Spain"
    },
    {
      "id": 205,
      "cod": "LK",
      "name": "Sri Lanka"
    },
    {
      "id": 206,
      "cod": "SD",
      "name": "Sudan"
    },
    {
      "id": 207,
      "cod": "SR",
      "name": "Suriname"
    },
    {
      "id": 208,
      "cod": "SJ",
      "name": "Svalbard and Jan Mayen"
    },
    {
      "id": 209,
      "cod": "SZ",
      "name": "Swaziland"
    },
    {
      "id": 210,
      "cod": "SE",
      "name": "Sweden"
    },
    {
      "id": 211,
      "cod": "CH",
      "name": "Switzerland"
    },
    {
      "id": 212,
      "cod": "SY",
      "name": "Syria"
    },
    {
      "id": 213,
      "cod": "TW",
      "name": "Taiwan"
    },
    {
      "id": 214,
      "cod": "TJ",
      "name": "Tajikistan"
    },
    {
      "id": 215,
      "cod": "TZ",
      "name": "Tanzania"
    },
    {
      "id": 216,
      "cod": "TH",
      "name": "Thailand"
    },
    {
      "id": 217,
      "cod": "TG",
      "name": "Togo"
    },
    {
      "id": 218,
      "cod": "TK",
      "name": "Tokelau"
    },
    {
      "id": 219,
      "cod": "TO",
      "name": "Tonga"
    },
    {
      "id": 220,
      "cod": "TT",
      "name": "Trinidad and Tobago"
    },
    {
      "id": 221,
      "cod": "TN",
      "name": "Tunisia"
    },
    {
      "id": 222,
      "cod": "TR",
      "name": "Turkey"
    },
    {
      "id": 223,
      "cod": "TM",
      "name": "Turkmenistan"
    },
    {
      "id": 224,
      "cod": "TC",
      "name": "Turks and Caicos Islands"
    },
    {
      "id": 225,
      "cod": "TV",
      "name": "Tuvalu"
    },
    {
      "id": 226,
      "cod": "UG",
      "name": "Uganda"
    },
    {
      "id": 227,
      "cod": "UA",
      "name": "Ukraine"
    },
    {
      "id": 228,
      "cod": "AE",
      "name": "United Arab Emirates"
    },
    {
      "id": 229,
      "cod": "GB",
      "name": "United Kingdom"
    },
    {
      "id": 230,
      "cod": "US",
      "name": "United States"
    },
    {
      "id": 231,
      "cod": "UY",
      "name": "Uruguay"
    },
    {
      "id": 232,
      "cod": "UZ",
      "name": "Uzbekistan"
    },
    {
      "id": 233,
      "cod": "VU",
      "name": "Vanuatu"
    },
    {
      "id": 234,
      "cod": "VA",
      "name": "Vatican City"
    },
    {
      "id": 235,
      "cod": "VE",
      "name": "Venezuela"
    },
    {
      "id": 236,
      "cod": "VN",
      "name": "Vietnam"
    },
    {
      "id": 237,
      "cod": "VG",
      "name": "Virgin Islands (British)"
    },
    {
      "id": 238,
      "cod": "VI",
      "name": "Virgin Islands (U.S.)"
    },
    {
      "id": 239,
      "cod": "WF",
      "name": "Wallis and Futuna"
    },
    {
      "id": 240,
      "cod": "EH",
      "name": "Western Sahara"
    },
    {
      "id": 241,
      "cod": "YE",
      "name": "Yemen"
    },
    {
      "id": 242,
      "cod": "ZM",
      "name": "Zambia"
    },
    {
      "id": 243,
      "cod": "ZW",
      "name": "Zimbabwe"
    }
  ]